station,index,ref_x,python_x,diff_x,ref_r,python_r,diff_r,ref_mach,python_mach,diff_mach,ref_theta_deg,python_theta_deg,diff_theta_deg
0.0,0.0,0.0,0.262519280510724,0.262519280510724,1.0,1.0350732528527713,0.0350732528527713,1.17779,1.6121464994020802,0.4343564994020803,0.0,15.2196,15.2196
0.005025125628140704,1.0,0.13659051758793966,0.26079271499550166,0.124202197407562,0.840843351758794,1.0346059830968977,0.19376263133810367,1.3157108542713567,1.6086810526821032,0.29297019841074645,6.862022211055276,15.117116261306533,8.255094050251257
0.010050251256281407,2.0,0.5896194170854271,0.25906551348266954,-0.33055390360275755,0.45005038190954777,1.034141075795934,0.5840906938863861,1.492277537688442,1.6052158871875917,0.1129383494991496,5.455221005025126,15.014632522613065,9.55941151758794
0.01507537688442211,3.0,0.7225866532663316,0.2573376763361508,-0.46524897693018086,0.061330923618090546,1.0336785310473338,0.9723476074292432,1.4997320603015074,1.6017509997964128,0.10201893949490537,0.6149943366834181,14.912148783919598,14.29715444723618
0.020100502512562814,4.0,0.04774660201005022,0.2556086527607707,0.2078620507507205,0.9161529447236181,1.0332204404679841,0.11706749574436603,1.1140629648241205,1.5982865407809885,0.48422357595686805,1.5035243216080396,14.809665045226131,13.30614072361809
0.02512562814070352,5.0,0.32694783919597986,0.25387896960625306,-0.0730688695897268,0.4249145778894473,1.0327648528368654,0.6078502749474181,1.1984542713567838,1.5948222642709768,0.396367992914193,0.8721553668341713,14.707181306532663,13.835025939698491
0.03015075376884422,6.0,0.6103817989949748,0.25214866374279205,-0.35823313525218275,0.07256582562814087,1.0323116311971676,0.9597458055690268,1.4148935678391958,1.5913581537838715,0.17646458594467562,0.0,14.604697567839196,14.604697567839196
0.035175879396984924,7.0,0.03493093467336674,0.2504172309073974,0.21548629623403068,0.9416367386934675,1.0318627327235388,0.09022599403007125,1.1271506030150755,1.5878942562113152,0.46074365319623967,1.243578944723616,14.502213829145727,13.258634884422111
0.04020100502512563,8.0,0.28982947738693443,0.24868511638718166,-0.04114436099975277,0.4844445929648245,1.0314164780048287,0.5469718850400043,1.18128216080402,1.5844304251500068,0.4031482643459867,1.213070753768846,14.39973009045226,13.186659336683414
0.04522613065326633,9.0,0.5905724472361809,0.2469523921013561,-0.34362005513482474,0.0941447251256282,1.0309725926459463,0.9368278675203181,1.3887262311557789,1.5809666435812515,0.19224041242547263,0.0,14.297246351758794,14.297246351758794
0.05025125628140704,10.0,0.024579374874371847,0.24521859887408953,0.2206392239997177,0.9624167587939698,1.0305328989477955,0.06811614015382572,1.1419515577889447,1.5775028646248608,0.43555130683591603,0.980829211055276,14.194762613065325,13.21393340201005
0.05527638190954774,11.0,0.2550941005025126,0.24348410333480575,-0.011609997167706831,0.5446661959798995,1.030095990112897,0.48542979413299747,1.1658245226130652,1.5740390177941679,0.40821449518110264,1.51783391959799,14.09227887437186,12.57444495477387
0.06030150753768844,12.0,0.5697185577889444,0.24174901099145021,-0.32796954679749424,0.12106079899497521,1.0296614539354827,0.9086006549405075,1.3585358793969846,1.5705750991120024,0.21203921971501782,0.0,13.989795135678394,13.989795135678394
0.06532663316582915,13.0,0.01659794924623123,0.240012906307074,0.22341495706084277,0.9789784623115576,1.0292309774227715,0.05025251511121387,1.1570260301507536,1.567110978060635,0.41008494790988137,0.7413209748743744,13.887311396984925,13.14599042211055
0.07035175879396985,14.0,0.2228091859296479,0.23827608016453283,0.015466894234884926,0.6048286884422117,1.0288034271715505,0.4239747387293388,1.1521074371859295,1.563646635124381,0.4115391979384515,1.796229447236183,13.784827658291459,11.988598211055276
0.07537688442211056,15.0,0.5502326231155781,0.2365386701972758,-0.31369395291830227,0.15127245226130626,1.028378252804621,0.8771058005433148,1.3262217085427137,1.5601820937790776,0.23396038523636387,0.0,13.68234391959799,13.68234391959799
0.08040201005025126,16.0,0.010915487939698447,0.23480030305579128,0.22388481511609282,0.9917960351758794,1.0279570056271639,0.03616097045128441,1.1710997487437187,1.5567171505898265,0.3856174018461078,0.5521885778894453,13.579860180904522,13.027671603015076
0.08542713567839195,17.0,0.19299339195979848,0.23306119679351955,0.04006780483372108,0.6640966130653275,1.0275388263875809,0.36344221332225335,1.140572211055276,1.5532518105157402,0.4126795994604642,2.047959748743721,13.477376442211055,11.429416693467335
0.09045226130653267,18.0,0.5312130854271355,0.23132151970331896,-0.2998915657238166,0.18639526130653286,1.027123026188152,0.8407277648816193,1.292581959798995,1.5497861398209116,0.2572041800219167,0.0,13.374892703517588,13.374892703517588
0.09547738693467336,19.0,0.44085237849249265,0.2295809391685831,-0.21127143932390954,0.3819210050250823,1.0267110202352734,0.6447900152101911,1.3612396482412186,1.5463198735281738,0.18508022528695522,0.18103696482410006,13.27240896482412,13.09137200000002
0.10050251256281408,20.0,0.16564015577889438,0.22783960333635792,0.06219944755746354,0.7215001809045227,1.026302224163022,0.30480204325849924,1.1320423618090452,1.5428530128498266,0.4108106510407814,2.265126934673367,13.169925226130653,10.904798291457286
0.10552763819095477,21.0,0.5113679145728639,0.2260977096900343,-0.2852702048828296,0.22815751256281455,1.0258958102157478,0.7977382976529332,1.2717727638190954,1.5393856831984347,0.2676129193793393,0.03642310050251503,13.067441487437186,13.03101838693467
0.11055276381909548,22.0,0.7052243316582915,0.22435496488837522,-0.4808693667699162,0.015248851758793971,1.025493057115947,1.0102442053571532,1.4662075879396985,1.5359175701613224,0.06970998222162383,0.0,12.964957748743718,12.964957748743718
0.11557788944723618,23.0,0.14074331658291425,0.22261145010075567,0.08186813351784142,0.7758956130653272,1.025093656094101,0.2491980430287739,1.1276014572864321,1.5324486410594518,0.40484718377301965,2.4359559296482414,12.862474010050251,10.42651808040201
0.12060301507537688,24.0,0.4902208442211048,0.22086739052952367,-0.26935345369158115,0.2744865226130663,1.0246966402109245,0.7502101175978583,1.2712367336683414,1.528979097953144,0.25774236428480246,0.36089832160804397,12.759990271356784,12.39909194974874
0.12562814070351758,25.0,0.7089381457286428,0.219122530648354,-0.4898156150802888,0.027629124120603494,1.0243031513315473,0.9966740272109438,1.4493222613065322,1.5255085899204497,0.0761863286139175,0.0,12.657506532663318,12.657506532663318
0.1306532663316583,26.0,0.11833574874371904,0.21737688758321128,0.09904113883949224,0.8260391758793962,1.0239131569702156,0.19787398109081933,1.1282241708542715,1.5220370180999132,0.3938128472456417,2.5499737185929656,12.555022793969849,10.005049075376883
0.135678391959799,27.0,0.46912665829145705,0.21563071278120913,-0.2534959455102479,0.3220463517587943,1.0235255506900245,0.7014791989312301,1.2722317085427135,1.5185646799669608,0.24633297142424726,0.6479774170854279,12.452539055276384,11.804561638190956
0.1407035175879397,28.0,0.7046894070351752,0.21388378706763767,-0.4908056199675376,0.051140524623116135,1.0231413371369427,0.9720008125138265,1.4283036683417079,1.5150912019356546,0.08678753359394675,0.0,12.350055316582916,12.350055316582916
0.1457286432160804,29.0,0.09849296683417019,0.21213606646468336,0.11364309963051317,0.8708338442211067,1.022760760772932,0.15192691655182544,1.1343559798994975,1.5116163842704844,0.37726040437098685,2.6034104020100464,12.247571577889449,9.644161175879402
0.15075376884422112,30.0,0.4474999095477393,0.21038782718750063,-0.2371120823602387,0.37119445728643136,1.0223825753612241,0.6511881180747927,1.2727618090452264,1.5081406400436421,0.23537883099841572,0.9567438190954719,12.14508783919598,11.188344020100509
0.15577889447236182,31.0,0.7000609246231154,0.20863888494694252,-0.49142203967617293,0.0789958864321609,1.0220076479785214,0.9430117615463605,1.4039401005025125,1.5046635878830406,0.10072348738052805,0.0,12.042604100502512,12.042604100502512
0.16080402010050251,32.0,0.08129233567839134,0.20688913760625494,0.1255968019278636,0.909652351758795,1.0216365006750072,0.11198414891621222,1.1456986432160805,1.5011848897975633,0.35548624658148276,2.601801306532656,11.940120361809045,9.33831905527639
0.1658291457286432,33.0,0.42091221608040125,0.20513888466945854,-0.2157733314109427,0.42715640703517677,1.021267747123564,0.5941113400883873,1.2657922613065322,1.497705096218444,0.23191283491191172,1.4534218592964874,11.837636623115579,10.384214763819092
0.1708542713567839,34.0,0.6955717185929642,0.20338797526424351,-0.49218374332872067,0.11113043216080469,1.02090211649323,0.9097716843324253,1.3767090954773862,1.4942238340276364,0.11751473855025019,0.0,11.73515288442211,11.73515288442211
0.17587939698492464,35.0,0.06676149698492456,0.20163625204479238,0.13487475505986782,0.9424652763819097,1.0205404090394348,0.07807513265752508,1.161354974874372,1.4907405865762577,0.32938561170188585,2.5586457788944714,11.632669145728643,9.074023366834172
0.18090452261306533,36.0,0.388304643216079,0.19988403632245075,-0.18842060689362825,0.49091413567839365,1.0201810980660009,0.5292669623876072,1.257191005025125,1.487256065187169,0.23006506016204398,1.968077638190964,11.530185407035175,9.56210776884421
0.18592964824120603,37.0,0.6906428291457283,0.19813120917043003,-0.49251161997529824,0.14803148743718633,1.0198247745076334,0.8717932870704471,1.3653927135678392,1.4837699223478442,0.11837720878000502,0.23693989447236544,11.427701668341708,11.190761773869342
0.19095477386934673,38.0,0.05486464522613026,0.19637756098859943,0.14151291576246916,0.9697037889447242,1.019472517418514,0.04976872847378977,1.1801919095477391,1.4802814189496714,0.30008950940193224,2.4931852261306444,11.325217929648241,8.832032703517598
0.19597989949748745,39.0,0.3530467135678392,0.19462343341180496,-0.1584232801560342,0.5578896683417086,1.0191226594664868,0.4612329911247782,1.2489143718592965,1.476791452727102,0.22787708086780545,2.4713434673366836,11.222734190954773,8.751390723618089
0.20100502512562815,40.0,0.6843623819095471,0.1928687379849565,-0.4914936439245906,0.1878778643216087,1.018775653036999,0.8308977887153902,1.370913115577889,1.4732997206073886,0.10238660502949948,0.7881306482412122,11.120250452261306,10.332119804020094
0.20603015075376885,41.0,0.045520038190954674,0.19111321581306615,0.14559317762211146,0.9920109698492463,1.0184328565529406,0.026421886703694275,1.2010189949748744,1.4698052133840998,0.26878621840922534,2.4293499999999972,11.01776671356784,8.588416713567842
0.21105527638190955,42.0,0.31857544221105416,0.18935722736845603,-0.12921821484259813,0.62339982914573,1.0180924617910667,0.3946926326453367,1.2426353266331653,1.466309042959868,0.22367371632670263,2.9508948241206086,10.915282974874371,7.964388150753763
0.21608040201005024,43.0,0.6761597286432146,0.18760071319148808,-0.48855901545172653,0.2304115175879411,1.0177547822844049,0.7873432646964638,1.376378140703517,1.4628109712169417,0.08643283051342476,1.2973719597990048,10.812799236180904,9.5154272763819
0.22110552763819097,44.0,0.8936108894472374,0.185843368056313,-0.7077675213909245,0.020009527135677208,1.0174214563709232,0.997411929235246,1.4650233165829145,1.4593096668729537,-0.0057136497099608,0.0,10.710315497487437,10.710315497487437
0.22613065326633167,45.0,0.28515875879396974,0.18408556978458857,-0.10107318900938117,0.6866289497487438,1.0170905346930037,0.3304615849442599,1.2383934170854272,1.4558064862791331,0.21741306919370595,3.4205320100502514,10.607831758793969,7.187299748743717
0.23115577889447236,46.0,0.6665849698492456,0.18232728643354204,-0.48425768341570363,0.2748156080402016,1.0167621916398695,0.7419465835996679,1.3818046733668339,1.4523012786988267,0.07049660533199287,1.8045438693467364,10.505348020100502,8.700804150753767
0.23618090452261306,47.0,0.8698872110552746,0.18056816941483064,-0.6893190416404439,0.08277119246231322,1.0164383459873225,0.9336671535250093,1.4728989447236178,1.4487923338713875,-0.024106610852230315,0.32364761809045556,10.402864281407034,10.079216663316577
0.24120603015075376,48.0,0.2530960452261297,0.17880861240927495,-0.07428743281685476,0.746757974874373,1.0161169070119243,0.26935893213755124,1.236531658291457,1.4452812857330704,0.2087496274416134,3.884319949748747,10.300380542713565,6.4160605929648185
0.24623115577889448,49.0,0.6565272512562815,0.1770486095101241,-0.4794786417461574,0.319990889447236,1.0157979096795067,0.6958070202322706,1.3884604522613067,1.4417680955331338,0.05330764327182713,2.3021244221105523,10.197896804020099,7.895772381909547
0.25125628140703515,50.0,0.8618468894472356,0.17528777173911475,-0.686559117708121,0.1317885929648246,1.0154835537028122,0.8836949607379876,1.4874542211055275,1.438250611526047,-0.049203609579480556,0.9257059497487454,10.095413065326632,9.169707115577886
0.2562814070351759,51.0,0.2227495025125631,0.17352650714410872,-0.04922299536845437,0.8029504070351755,1.0151716067729897,0.21222119973781417,1.237684824120603,1.434730781611245,0.1970459574906418,4.338423969849245,9.992929326633165,5.65450535678392
0.2613065326633166,52.0,0.6419262010050264,0.17176481609612004,-0.47016138490890635,0.36952202010050134,1.0148620689555052,0.6453400488550038,1.3958741708542717,1.4312085986525953,0.03533442779832363,2.790658542713566,9.890445587939698,7.099787045226132
0.2663316582914573,53.0,0.8686736582914567,0.1700023270292965,-0.6986713312621602,0.168291236180905,1.014557107003065,0.84626587082216,1.5031247738693463,1.4276817229182666,-0.07544305095107973,1.4954559798995009,9.787961849246233,8.292505869346734
0.271356783919598,54.0,0.1945415025125622,0.16823940603883356,-0.026302096473728637,0.8543927889447243,1.0142546611860892,0.15986187224136494,1.2426949748743719,1.4241521339360526,0.1814571590616807,4.773957688442212,9.685478110552765,4.911520422110553
0.2763819095477387,55.0,0.6244437989949753,0.16647607177149773,-0.45796772722347756,0.42136056281407,1.0139546267762827,0.5925940639622127,1.4042825628140705,1.4206199312678154,0.016337368453744894,3.28877336683417,9.582994371859296,6.294221005025126
0.2814070351758794,56.0,0.8878070603015071,0.16471198743076876,-0.7230950728707384,0.19593816582914605,1.0136590325579635,0.8177208667288175,1.520298994974874,1.4170826979822242,-0.10321629699264978,2.1354729648241317,9.48051063316583,7.345037668341698
0.2864321608040201,57.0,0.15597665326633087,0.1629474612869682,0.00697080802063732,0.906877904522614,1.0133660966450573,0.10648819212244331,1.241492311557789,1.4135423024976883,0.17204999093989937,4.9543727638190935,9.378026894472361,4.423654130653268
0.2914572864321608,58.0,0.5855558241206025,0.16118253505474076,-0.4243732890658617,0.47413247738693515,1.0130755743621456,0.5389430969752105,1.400667185929648,1.409999013296897,0.009331827367248913,3.5712603015075377,9.275543155778895,5.704282854271357
0.2964824120603015,59.0,0.8778004924623118,0.1594169052298084,-0.7183835872325035,0.2261974271356782,1.0127893562208297,0.7865919290851515,1.5207213065326635,1.406450351689067,-0.1142709548435965,2.5339787939698484,9.173059417085426,6.639080623115578
0.30150753768844224,60.0,0.12378937688442312,0.15765082522142695,0.03386144833700383,0.9506339195979888,1.0125059387269133,0.06187201912892448,1.2476793969849247,1.4028980239955446,0.15521862701061995,5.005881859296489,9.07057567839196,4.064693819095471
0.3065326633165829,61.0,0.5440166331658276,0.15588435832500794,-0.3881322748408197,0.5282915125628155,1.0122249370137448,0.48393342445092935,1.3940326633165823,1.399342500849262,0.005309837532679662,3.9378451256281477,8.968091939698494,5.030246814070347
0.31155778894472363,62.0,0.8624925125628138,0.15411723284919412,-0.7083752797136197,0.2602365326633168,1.0119481030276833,0.7517115703643665,1.5183427638190954,1.3957812589999612,-0.12256150481913419,2.9657596482412076,8.865608201005026,5.899848552763818
0.3165829145728643,63.0,0.09162644371859126,0.1523496503101366,0.06072320659154533,0.992213552763821,1.0116742121911273,0.019460659427306348,1.262256683417086,1.3922157857536979,0.1299591023366118,4.842774221105502,8.76312446231156,3.920350241206057
0.32160804020100503,64.0,0.46701515075376526,0.15058169409498032,-0.316433456658785,0.6127612964824154,1.0114027392139358,0.39864144273152036,1.3689453266331644,1.3886467909287874,0.019701464295623028,4.551255226130669,8.66064072361809,4.1093854974874215
0.32663316582914576,65.0,0.8332756683417084,0.14881312284382037,-0.6844625454978881,0.3035253567839197,1.0111352971965202,0.7076099404126005,1.5103932663316584,1.3850717259803211,-0.12532154035133725,3.412865226130654,8.558156984924622,5.145291758793968
0.3316582914572864,66.0,1.2029203015075371,0.1470440891516487,-1.0558762123558885,0.034407554271357145,1.0108709409789056,0.9764633867075485,1.7502763316582912,1.381491795358079,-0.36878453630021224,0.6002800100502562,8.455673246231157,7.855393236180901
0.33668341708542715,67.0,0.38742629648241306,0.14527469500647297,-0.2421516014759401,0.7013508542713559,1.010609004627074,0.309258150355718,1.3458723115577893,1.3779079895208688,0.03203567796307949,5.150073115577886,8.353189507537689,3.203116391959803
0.3417085427135678,68.0,0.7999163216080383,0.1435047278963079,-0.6564115937117304,0.3525034572864336,1.0103509621266156,0.657847504840182,1.5033663316582908,1.3743177563271842,-0.12904857533110659,3.886040452261311,8.250705768844224,4.364665316582913
0.34673366834170855,69.0,1.0661239195979875,0.1417342944707492,-0.9243896251272383,0.15643047236181076,1.0100961482125033,0.8536656758506925,1.6352039698492447,1.370721945410393,-0.2644820244388517,2.7778127135678536,8.148222030150755,5.370409316582902
0.35175879396984927,70.0,0.2971798291457283,0.13996351382604247,-0.15721631531968586,0.7969657587939701,1.009843756098334,0.21287799730436385,1.3187493969849247,1.3671218744818567,0.048372477496932076,5.6793525628140715,8.045738291457287,2.3663857286432153
0.35678391959798994,71.0,0.7479018793969822,0.13819220081261016,-0.609709678584372,0.4109200753768866,1.009595120397852,0.5986750450209654,1.4881768844221095,1.3635150123826365,-0.12466187203947299,4.342084974874379,7.94325455276382,3.601169577889441
0.36180904522613067,72.0,0.9835815226130634,0.13642041911406316,-0.8471611034990003,0.23593495477387066,1.0093498561945589,0.7734149014206881,1.604511005025125,1.3599017723985247,-0.24460923262660028,3.1975409045226173,7.8407708140703525,4.643229909547735
0.36683417085427134,73.0,0.2203657738693433,0.13464830344059114,-0.08571747042875216,0.8826169195979933,1.009107015653053,0.1264900960550598,1.302885879396984,1.3562838521521245,0.05339797275514058,6.14868693467337,7.738287075376886,1.5896001407035154
0.37185929648241206,74.0,0.6866779597989948,0.1328756945176164,-0.5538022652813784,0.48130555778894485,1.0088677937700672,0.5275622359811223,1.4764811055276381,1.3526587694756034,-0.12382233605203474,4.809572060301508,7.635803336683416,2.8262312763819084
0.3768844221105528,75.0,0.9715887336683419,0.13110261604565715,-0.8404861176226848,0.27202486934673353,1.0086320864074512,0.7366072170607176,1.6056674874371861,1.3490264084308896,-0.2566410790062965,3.717960753768841,7.533319597989949,3.815358844221108
0.38190954773869346,76.0,0.1481664020100487,0.1293292168529679,-0.0188371851570808,0.9593985929648257,1.0083988044960956,0.04900021153126999,1.2961271356783919,1.3453889063381985,0.049261770659806636,6.24894542713567,7.430835859296482,1.1818904321608121
0.3869346733668342,77.0,0.6032483266331646,0.12755536205075144,-0.47569296458241317,0.5613959095477397,1.0081690031824297,0.4467730936346901,1.4580421105527632,1.3417438621347528,-0.1162982484180104,5.142781155778899,7.328352120603015,2.185570964824116
0.3919597989949749,78.0,0.9376803969849246,0.1257810383426374,-0.8118993586422871,0.3147171055276382,1.007942859512683,0.6932257539850447,1.592993065326633,1.338090524253292,-0.2549025410733412,4.232901658291458,7.225868381909547,2.992966723618089
0.3969849246231156,79.0,1.421998190954769,0.12400640717756531,-1.2979917837772037,0.0049973437185959965,1.007719143011245,1.0027217992926492,1.9276996984924584,1.3344315379485296,-0.5932681605439287,0.08628995979904733,7.12338464321608,7.037094683417033
0.4020100502512563,80.0,0.4918839246231124,0.12223135656157169,-0.36965256806154073,0.6699368542713593,1.0074987687528356,0.3375619144814763,1.4241136683417073,1.330764620322299,-0.09334904801940835,5.985438844221116,7.0209009045226125,1.0354620603014961
0.40703517587939697,81.0,0.8933893969849227,0.12045583919074525,-0.7729335577941775,0.3735520402010063,1.0072821953502853,0.633730155149279,1.581592814070351,1.3270882615338162,-0.2545045525365348,4.889654321608045,6.918417165829146,2.0287628442211005
0.4120603015075377,82.0,1.2877786432160805,0.11868002763591406,-1.1690986155801664,0.12197547236180892,1.0070680507606165,0.8850925783988075,1.825466733668342,1.3234056930906637,-0.5020610405776782,2.19428361809045,6.815933427135678,4.621649809045229
0.4170854271356784,83.0,0.3534795628140719,0.11690383130535856,-0.23657573150871333,0.7933486884422098,1.0068571097773296,0.2135084213351197,1.3781871859296488,1.3197147933175792,-0.0584723926120696,6.6711343216080365,6.71344968844221,0.04231536683417314
0.4221105527638191,84.0,0.8191705879396968,0.115127171879949,-0.7040434160597477,0.44119048743718714,1.006650112938247,0.5654596255010599,1.5553525628140696,1.3160131518249825,-0.23933941098908718,5.429089547738698,6.610965949748744,1.1818764020100456
0.4271356783919598,85.0,1.075632311557788,0.1133502315522738,-0.9622820800055141,0.2724481859296489,1.0064455464840938,0.7339973605544449,1.6820738693467332,1.3123046768004711,-0.36976919254626206,4.31697663316583,6.508482211055277,2.1915055778894468
0.4321608040201005,86.0,0.23987753266331238,0.1115729396387085,-0.1283045930246039,0.903197522613069,1.0062440447295498,0.1030465221164808,1.352241859296481,1.3085874581810069,-0.04365440111547425,7.330166432160808,6.4059984723618095,-0.9241679597989982
0.4371859296482412,87.0,0.7345971909547706,0.10979518980003333,-0.6248020011547373,0.5264661758793993,1.006046630471967,0.4795804545925678,1.5364440703517577,1.3048580188364687,-0.231586051515289,6.072630804020104,6.303514733668342,0.2308839296482379
0.44221105527638194,88.0,1.036829045226131,0.10801717234922135,-0.9288118728769097,0.3296554371859295,1.00585164809879,0.6761962109128605,1.6751714070351762,1.301121048712603,-0.37405035832257316,4.977994874371855,6.201030994974874,1.2230361206030196
0.4472361809045226,89.0,0.1443767386934662,0.10623883501512017,-0.03813790367834603,0.9908293919598,1.0056595912601958,0.014830199300395752,1.3422268844221106,1.2973749087814177,-0.044851975640692876,7.339870100502504,6.0985472562814085,-1.241322844221096
0.45226130653266333,90.0,0.61489127638191,0.1044600464361853,-0.5104312299457247,0.6230928944723615,1.0054717653237322,0.3823788708513707,1.5031237688442214,1.2936148595937838,-0.20950890925043764,6.50323849246231,5.99606351758794,-0.5071749748743697
0.457286432160804,91.0,0.9832266884422091,0.10268100354323598,-0.8805456848989731,0.38007985427135804,1.0052863726985335,0.6252065184271755,1.6523972864321599,1.28984649580125,-0.3625507906309098,5.577716381909555,5.893579778894472,0.31586339698491717
0.4623115577889447,92.0,1.4804912060301476,0.10090167098057887,-1.3795895350495688,0.09466433567839366,1.0051037661965216,0.910439430518128,1.9776638190954752,1.286068520066774,-0.6915952990287011,1.7714426130653558,5.791096040201005,4.019653427135649
0.46733668341708545,93.0,0.42677186934673267,0.09912189536457797,-0.3276499739821547,0.7703124221105535,1.0049255340422152,0.23461311193166168,1.4357862814070348,1.2822746985959383,-0.15351158281109645,7.376941859296486,5.688612301507537,-1.6883295577889488
0.4723618090452261,94.0,0.8917409145728608,0.09734187874028197,-0.7943990358325788,0.4529482110552786,1.0047497365533742,0.5518015254980956,1.6161252763819078,1.2784716756806473,-0.3376536007012605,6.206994020100516,5.5861285628140696,-0.6208654572864463
0.47738693467336685,95.0,1.1885962814070299,0.09556160116913837,-1.0930346802378916,0.2763898542713597,1.0045765855418496,0.7281867312704899,1.7645166834170827,1.2746585804401556,-0.4898581029769271,5.014285879397005,5.483644824120603,0.46935894472359774
0.4824120603015075,96.0,0.26536168844220887,0.09378089024795126,-0.1715807981942576,0.9022067185929665,1.004407952352,0.10220123375903345,1.3850006030150748,1.2708274070331973,-0.11417319598187747,7.999686080402013,5.381161085427136,-2.6185249949748766
0.48743718592964824,97.0,0.7760332060301498,0.09199995163138867,-0.6840332543987612,0.5410459045226136,1.0042417551091167,0.46319585058650314,1.5761602010050246,1.2669860216409905,-0.30917417936403413,6.773110251256283,5.278677346733668,-1.4944329045226157
0.49246231155778897,98.0,1.0745811557788945,0.0902187792985,-0.9843623764803945,0.35987516080402004,1.004078064475112,0.6442029036710919,1.716661206030151,1.263134082525691,-0.45352712350446,5.644938743718591,5.176193608040199,-0.46874513567839227
0.49748743718592964,99.0,0.14348120603014958,0.08843718483119022,-0.05504402119895936,1.0050259296482422,1.0039190351531286,-0.0011068944951135862,1.3685427135678394,1.25926147619881,-0.1092812373690295,7.9745432160803915,5.073709869346732,-2.900833346733659
0.5025125628140703,100.0,0.6174103316582887,0.08665537598822808,-0.5307549556700607,0.6569711507537707,1.0037624429868752,0.34679129223310456,1.5273136683417075,1.2553774972740712,-0.27193617106763623,7.291223065326644,4.971226130653267,-2.3199969346733775
0.507537688442211,101.0,1.0087128643216048,0.08487335314491244,-0.9238395111766924,0.414427552763821,1.0036082880093342,0.5891807352455132,1.6867823618090436,1.2514821105008689,-0.43530025130817473,6.322601055276394,4.8687423919598,-1.453858663316594
0.5125628140703518,102.0,1.518190402010051,0.08309093293690124,-1.4350994690731498,0.1397043718592961,1.003458796520673,0.8637544246613769,2.0118381909547747,1.2475637299761055,-0.7642744609786691,2.623096482412054,4.766258653266333,2.143162170854279
0.5175879396984925,103.0,0.3883177788944691,0.08130830565868989,-0.3070094732357792,0.8243882864321631,1.0033118139826533,0.17892352755049024,1.445324020100501,1.2436322836841183,-0.20169173641638283,8.220022864321617,4.663774914572865,-3.5562479497487525
0.5226130653266332,104.0,0.8865059849246253,0.0795254777065067,-0.8069805072181186,0.5009793216080389,1.0031672697663445,0.5021879481583056,1.636979497487438,1.2396880760103564,-0.39729142147708174,7.03987396984924,4.561291175879396,-2.478582793969844
0.5276381909547738,105.0,1.1681494974874247,0.07774228846098565,-1.090407209026439,0.3419105477387001,1.0030272497043287,0.6611167019656286,1.7762940201004969,1.2357189549781962,-0.5405750651223007,5.891086180904552,4.458807437185931,-1.432278743718621
0.5326633165829145,106.0,0.21063088944723227,0.07595889456245483,-0.13467199488477744,0.9631145577889477,1.002889881066947,0.039775323277999375,1.3964967336683407,1.231734375020281,-0.16476235864805977,8.761756180904518,4.356323698492463,-4.405432482412055
0.5376884422110553,107.0,0.7318073668341639,0.07417531332232166,-0.6576320535118423,0.610845110552768,1.0027549518114647,0.39190984125869666,1.5884492462311532,1.227735448228082,-0.36071379800307124,7.629943165829151,4.253839959798995,-3.376103206030156
0.542713567839196,108.0,1.087156331658291,0.07239140536821155,-1.0147649262900795,0.40700301507537706,1.0026244071280357,0.5956213920526586,1.7433939195979897,1.2237094173585323,-0.5196845022394574,6.614362311557791,4.151356221105528,-2.4630060904522626
0.5477386934673367,109.0,1.7525631155778953,0.07060729668656548,-1.68195581889133,0.07239523517587648,1.0024966563843716,0.930101421208495,2.1859741708542755,1.2196650469633996,-0.9663091238908759,1.380311256281352,4.048872482412061,2.668561226130709
0.5527638190954774,110.0,0.4976815477386962,0.06882301400127683,-0.4288585337374194,0.7689926834170836,1.0023713460099541,0.23337866259287054,1.5055289949748754,1.2156044511418058,-0.28992454383306954,8.498188391959792,3.9463887437185927,-4.551799648241198
0.5577889447236181,111.0,0.9701631608040172,0.06703843768778343,-0.9031247231162338,0.48604016582914733,1.0022502803896187,0.5162101145604714,1.692320603015074,1.2115142204431768,-0.4808063825718971,7.392311206030164,3.8439050050251256,-3.5484062010050383
0.5628140703517588,112.0,1.3426895477386778,0.06525366608099534,-1.2774358816576825,0.29226607035176655,1.0021321512533108,0.7098660809015442,1.897140150753757,1.2074021453574688,-0.6897380053962883,5.484914371859457,3.7414212663316575,-1.7434931055277993
0.5678391959798995,113.0,0.2565045376884407,0.06346873381371708,-0.19303580387472363,0.9399945778894483,1.0020164634007274,0.06202188551127907,1.4257285427135673,1.203271589255761,-0.22245695345780625,9.243876984924624,3.63893752763819,-5.604939457286434
0.5728643216080402,114.0,0.7931877336683393,0.061683539508909986,-0.7315041941594292,0.5988315929648255,1.0019048802604544,0.40307328729562897,1.6267451256281398,1.199108433536862,-0.42763669209127775,8.073111557788948,3.5364537889447227,-4.536657768844226
0.577889447236181,115.0,1.132004170854272,0.059898156854216095,-1.072106014000056,0.415144075376884,1.001796376165594,0.5866523007887099,1.7817908542713574,1.1949191139361501,-0.5868717403352073,6.961776582914562,3.4339700502512547,-3.5278065326633077
0.5829145728643216,116.0,1.8762972864321557,0.058112626886979296,-1.8181846595451763,0.058795479396987295,1.0016903141960378,0.9428948347990506,2.277522462311554,1.190708563015376,-1.0868138992961782,1.12248451256286,3.3314863115577893,2.2090017989949295
0.5879396984924623,117.0,0.5557847236180856,0.05632686497637036,-0.49945785864171527,0.7555043065326662,1.001588216685161,0.24608391015249487,1.5490703015075358,1.1864618828841407,-0.3626084186233951,8.98510572864323,3.229002572864322,-5.7561031557789075
0.592964824120603,118.0,1.0188483919597986,0.05454092316876317,-0.9643074687910355,0.49675244723618117,1.0014893407861911,0.50473689355001,1.7353109547738692,1.182183632757541,-0.5531273220163282,7.910188291457287,3.126518834170853,-4.783669457286434
0.5979899497487438,119.0,1.4813030653266313,0.05275484740095715,-1.428548217925674,0.27297769849246317,1.001392907781183,0.7284152092887197,2.0047304020100487,1.1778807362261206,-0.8268496657839282,5.178838693467354,3.0240350954773847,-2.154803597989969
0.6030150753768845,120.0,0.27985057788944895,0.050968568286078354,-0.2288820096033706,0.9377137437185918,1.0013002987813138,0.06358655506272193,1.4543932160804025,1.1735374281105444,-0.2808557879698581,9.835822462311556,2.9215513567839166,-6.914271105527639
0.6080402010050251,121.0,0.8301102814070273,0.04918211923679967,-0.7809281621702275,0.6092976432160847,1.0012110539529375,0.3919134107368528,1.662063567839193,1.1691556563489363,-0.4929079114902568,8.673736532663328,2.8190676180904526,-5.854668914572876
0.6130653266331658,122.0,1.1639792964824118,0.047395549583665035,-1.1165837468987467,0.43903637185929656,1.0011242527142348,0.5620878808549382,1.8179054773869345,1.164744904083974,-0.6531605733029606,7.52526396984925,2.716583879396986,-4.808680090452263
0.6180904522613065,123.0,1.966513718592956,0.045608803680646036,-1.9209049149123099,0.07604281809045617,1.0010411348391794,0.9249983167487232,2.3443812060301443,1.160288425915561,-1.1840927801145833,1.4467030653267074,2.614100140703518,1.1673970753768104
0.6231155778894473,124.0,0.5470358492462332,0.04382189931567904,-0.5032139499305541,0.7783344673366823,1.0009615236762777,0.22262705633959534,1.56196487437186,1.1557844893912377,-0.40618038498062226,9.518400753768839,2.5116164020100507,-7.006784351758789
0.628140703517588,125.0,1.028545728643218,0.042034887706799584,-0.9865108409364185,0.5197739648241196,1.0008843567257943,0.4811103919016747,1.755531105527639,1.151245923168851,-0.604285182358788,8.423578492462305,2.409132663316583,-6.014445829145721
0.6331658291457286,126.0,1.4701499999999814,0.040247725444944704,-1.4299022745550367,0.3143579296482495,1.00081073232148,0.6864528026732306,2.0058909547738573,1.1466548525599114,-0.8592361022139459,5.987681356784064,2.306648924623116,-3.681032432160948
0.6381909547738693,127.0,0.2598025376884375,0.038460417703506264,-0.2213421199849312,0.9650079447236211,1.0007407571390345,0.035732812415413484,1.4721171356783904,1.142004245002675,-0.33011289067571536,10.52806582914573,2.204165185929648,-8.323900643216081
0.6432160804020101,128.0,0.8224400653266299,0.036673016081301094,-0.7857670492453288,0.6464845175879413,1.0006732267187681,0.3541887091308268,1.6839455276381898,1.137311394085499,-0.5466341335526907,9.402127537688447,2.1016814472361802,-7.300446090452267
0.6482412060301508,129.0,1.189122914572863,0.034885487901665985,-1.154237426671197,0.4702986381909554,1.000609097863178,0.5303104596722227,1.8504934673366826,1.1325570918691528,-0.7179363754675299,8.277275175879405,1.9991977085427128,-6.278077467336692
0.6532663316582915,130.0,1.9828217587939692,0.033097828734698034,-1.949723930059271,0.13260106532663346,1.0005487606962051,0.8679476953695717,2.3602922110552758,1.1277264230707038,-1.232565787984572,2.522741356783925,1.8967139698492452,-0.6260273869346797
0.6582914572864321,131.0,0.49832270854270794,0.031310089052912965,-0.467012619489795,0.829170798994978,1.0004908687681702,0.17132006977319214,1.5666382914572843,1.122842796994822,-0.44379549446246225,10.364794974874386,1.7942302311557798,-8.570564743718606
0.6633165829145728,132.0,1.0197689949748707,0.029522245406881004,-0.9902467495679897,0.5621846482412077,1.0004362372712838,0.4382515890300761,1.774075628140702,1.117885379897777,-0.6561902482429249,9.237715929648248,1.6917464924623122,-7.545969437185936
0.6683417085427136,133.0,1.3801960301507512,0.027734286775541787,-1.3524617433752095,0.4019979949748755,1.0003855398747747,0.5983875448998992,1.956777587939697,1.1128269709525178,-0.8439506169871791,7.782895678391975,1.5892627537688435,-6.193632924623132
0.6733668341708543,134.0,0.2017277185929635,0.025946260997740334,-0.17578145759522318,1.0096365326633174,1.0003372881209474,-0.009299244542370078,1.4749306532663315,1.107699627815539,-0.36723102545079245,10.913354773869342,1.4867790150753748,-9.426575758793968
0.678391959798995,135.0,0.7590792763819112,0.02415815234559864,-0.7349211240363126,0.6998116633165821,1.00029215552469,0.3004804922081079,1.679735778894473,1.102480443377359,-0.5772553355171139,9.937692814070349,1.3842952763819072,-8.553397537688442
0.6834170854271356,136.0,1.1682240201004963,0.022369946219753762,-1.1458540738807426,0.5084355276381937,1.00025109937356,0.4918155717353664,1.854485778894469,1.0971217067855534,-0.7573640721089157,8.947315075376915,1.2818115376884418,-7.6655035376884735
0.6884422110552764,137.0,1.8617258793969678,0.02058168631780831,-1.8411441930791594,0.2236240552763887,1.0002124891958284,0.7765884339194397,2.2838121105527525,1.091668166162489,-1.1921439443902635,4.2889422613066674,1.1793277989949744,-3.109614462311693
0.6934673366834171,138.0,0.3692680854271365,0.01879336312732358,-0.3504747222998129,0.914991371859296,1.000176856774027,0.08518548491473099,1.534463015075377,1.0860940895907683,-0.4483689254846088,11.134300502512561,1.0768440603015068,-10.057456442211054
0.6984924623115578,139.0,0.9434020150753737,0.01700496148403645,-0.9263970535913373,0.6222201909547754,1.0001454430630734,0.37792525210829797,1.7569234170854258,1.0803137093415236,-0.6766097077439022,9.976898291457292,0.9743603216080402,-9.002537969849252
0.7035175879396985,140.0,1.2589410552763844,0.015216519436618623,-1.2437245358397657,0.48380241206030045,1.0001164755831964,0.516314063522896,1.9108864321608052,1.074390973286268,-0.8364954588745372,8.777719949748736,0.8718765829145727,-7.905843366834163
0.7085427135678392,141.0,2.2621530150753504,0.01342803218161271,-2.2487249828937377,0.08743143919599036,1.0000903443415445,0.9126589051455541,2.5541364824120425,1.068295865170602,-1.4858406172414405,1.6226266331660286,0.7693928442211059,-0.8532337889449227
0.7135678391959799,142.0,0.6079187537688383,0.011639487003635228,-0.596279266765203,0.7958050050251286,1.0000685739854103,0.20426356896028164,1.6365357788944699,1.0618582517838502,-0.5746775271106197,10.911441708542728,0.6669091055276382,-10.24453260301509
0.7185929648241206,143.0,1.1024950753768796,0.009850914794706418,-1.0926441605821733,0.5665520502512583,1.0000492500449867,0.43349719979372836,1.838767889447234,1.0551689136246745,-0.7835989758225594,9.828529396984939,0.5644253668341705,-9.264104030150769
0.7236180904522613,144.0,1.6387310050251218,0.008062313953631712,-1.63066869107149,0.3518812462311573,1.000032620721015,0.6481513744898577,2.1462535678391936,1.0481898657982727,-1.098063702040921,6.805268040201035,0.461941628140703,-6.343326412060332
0.7286432160804021,145.0,0.23490813065326313,0.006273677227894542,-0.2286344534253686,1.0017953266331676,1.0000204943541637,-0.0017748322790038795,1.5094120100502506,1.0404827651597446,-0.468929244890506,11.748515577889442,0.3594578894472354,-11.389057688442207
0.7336683417085427,146.0,0.81634523115577,0.004485026845196198,-0.8118602043105737,0.7046228894472404,1.0000108145146058,0.29538792506736544,1.7276022110552733,1.032091643469188,-0.6955105675860853,10.707096482412064,0.2569741507537701,-10.450122331658294
0.7386934673366834,147.0,1.223575728643215,0.0026963628997109914,-1.220879365743504,0.5296596080402014,1.000003687577662,0.4703440795374605,1.9072423618090446,1.0229527760480708,-0.8842895857609738,9.621885025125632,0.15449041206030253,-9.467394613065329
0.7437185929648241,148.0,2.0227591457286245,0.0009076866158136611,-2.0218514591128107,0.22678898492463012,1.0000012055543583,0.7732122206297283,2.400760753768832,1.0077739038624507,-1.392986849906381,4.31470055276396,0.05200667336683348,-4.262693879397126
0.7487437185929648,149.0,0.38306354271356896,0.0,-0.38306354271356896,0.9250853919597983,0.990245344368903,0.06515995240910466,1.5664456783919603,1.027959553984901,-0.5384861244070593,11.903154773869346,0.0,-11.903154773869346
0.7537688442211056,150.0,0.9729220753768819,0.0,-0.9729220753768819,0.6460797236180915,0.9704404374815249,0.32436071386343335,1.7966490954773857,1.084248783120235,-0.7124003123571507,10.747728140703524,0.0,-10.747728140703524
0.7587939698492463,151.0,1.298362814070355,0.0,-1.298362814070355,0.5140219246231145,0.9506355305941468,0.4366136059710324,1.9554621608040215,1.0773486824234795,-0.878113478380542,9.529263668341699,0.0,-9.529263668341699
0.7638190954773869,152.0,2.3605720100502294,0.0,-2.3605720100502294,0.12439128140704306,0.9308306237067692,0.8064393422997261,2.623730201005011,1.0705112103233885,-1.5532189906816225,2.2816916582916082,0.0,-2.2816916582916082
0.7688442211055276,153.0,0.5568375678391905,0.0,-0.5568375678391905,0.8438130402010077,0.911025716819391,0.06721267661838337,1.6415334673366813,1.0637358530040966,-0.5777976143325847,11.800712562814082,0.0,-11.800712562814082
0.7738693467336684,154.0,1.0959083417085442,0.0,-1.0959083417085442,0.6070270904522607,0.8912208099320129,0.28419371947975225,1.8600181909547746,1.0570857379035308,-0.8029324530512438,10.672178391959793,0.0,-10.672178391959793
0.7788944723618091,155.0,1.5298808040200975,0.0,-1.5298808040200975,0.4425343668341719,0.8714159030446347,0.42888153621046277,2.0906699497487415,1.0505127784336223,-1.0401571713151192,8.677620804020126,0.0,-8.677620804020126
0.7839195979899498,156.0,2.7001167336683514,0.0,-2.7001167336683514,0.024308632160800387,0.8516109961572563,0.827302363996456,2.842895125628147,1.0440123698065114,-1.7988827558216356,0.4234733668341069,0.0,-0.4234733668341069
0.7889447236180904,157.0,0.7563771557788848,0.0,-0.7563771557788848,0.7651029145728685,0.8318060892698786,0.06670317469701015,1.7363952261306492,1.0376507420591952,-0.6987444840714541,11.697996482412085,0.0,-11.697996482412085
0.7939698492462312,158.0,1.2112080904522589,0.0,-1.2112080904522589,0.5820450653266341,0.8120011823825006,0.2299561170558665,1.928720753768843,1.031380678207532,-0.897340075561311,10.684504020100514,0.0,-10.684504020100514
0.7989949748743719,159.0,1.8957160301507383,0.0,-1.8957160301507383,0.34136058291457816,0.7921962754951226,0.45083569258054446,2.332720150753759,1.025192391840424,-1.307527758913335,6.583549748743829,0.0,-6.583549748743829
0.8040201005025126,160.0,0.2765278743718582,0.0,-0.2765278743718582,0.9965997286432167,0.7723913686077444,-0.2242083600354723,1.559985577889447,1.0191533943710325,-0.5408321835184144,12.882067336683416,0.0,-12.882067336683416
0.8090452261306533,161.0,0.8860827085427108,0.0,-0.8860827085427108,0.7200339547738704,0.7525864617203663,0.03255250694649581,1.7936640703517577,1.0132201871353859,-0.7804438832163718,11.795787437185934,0.0,-11.795787437185934
0.8140703517587939,162.0,1.2940127135678356,0.0,-1.2940127135678356,0.5648667135678405,0.7327815548329887,0.16791484126514822,1.9792498994974854,1.0074065486647206,-0.9718433508327649,10.612849246231173,0.0,-10.612849246231173
0.8190954773869347,163.0,2.202215678391954,0.0,-2.202215678391954,0.2579211155778914,0.7129766479456106,0.4550555323677192,2.5314870854271323,1.0019541117357504,-1.5295329736913819,4.832332311557828,0.0,-4.832332311557828
0.8241206030150754,164.0,0.38309672864321176,0.0,-0.38309672864321176,0.9484099246231177,0.6931717410582322,-0.2552381835648855,1.6051868844221089,1.000001,-0.605185884422109,13.037405527638198,0.0,-13.037405527638198
0.8291457286432161,165.0,0.9969369045226129,0.0,-0.9969369045226129,0.6866924874371859,0.673366834170854,-0.01332565326633195,1.8465700502512563,1.000001,-0.8465690502512564,11.880279396984925,0.0,-11.880279396984925
0.8341708542713568,166.0,1.3422502010050246,0.0,-1.3422502010050246,0.5613583969849247,0.6535619272834757,0.092203530298551,2.0138792964824117,1.000001,-1.0138782964824118,10.639968341708544,0.0,-10.639968341708544
0.8391959798994975,167.0,2.4529153266331374,0.0,-2.4529153266331374,0.1965474170854365,0.6337570203960982,0.43720960331066167,2.6923598492462135,1.000001,-1.6923588492462136,3.5634153266333493,0.0,-3.5634153266333493
0.8442211055276382,168.0,0.49114065829144576,0.0,-0.49114065829144576,0.9038788442211106,0.6139521135087201,-0.2899267307123905,1.6548387437185883,1.000001,-0.6548377437185884,13.095418592964847,0.0,-13.095418592964847
0.8492462311557789,169.0,1.0825003517587926,0.0,-1.0825003517587926,0.6657981708542718,0.594147206621342,-0.07165096423292983,1.892634924623115,1.000001,-0.892633924623115,11.932400502512568,0.0,-11.932400502512568
0.8542713567839196,170.0,1.4497339195979912,0.0,-1.4497339195979912,0.5389294020100498,0.5743422997339639,0.035412897723914094,2.073217286432161,1.000001,-1.0732162864321613,10.589136683417081,0.0,-10.589136683417081
0.8592964824120604,171.0,2.711593869346737,0.0,-2.711593869346737,0.13504566834170748,0.5545373928465858,0.41949172450487826,2.854756532663319,1.000001,-1.854755532663319,2.3521380904522413,0.0,-2.3521380904522413
0.864321608040201,172.0,0.6185901005025012,0.0,-0.6185901005025012,0.8619829396984972,0.5347324859592077,-0.3272504537392894,1.7222094472361764,1.000001,-0.7222084472361765,13.33184924623118,0.0,-13.33184924623118
0.8693467336683417,173.0,1.1742658793969796,0.0,-1.1742658793969796,0.6562497688442229,0.5149275790718296,-0.1413221897723933,1.952100301507535,1.000001,-0.9520993015075352,12.176308040201025,0.0,-12.176308040201025
0.8743718592964824,174.0,1.706365376884404,0.0,-1.706365376884404,0.48759495477387477,0.4951226721844515,0.007527717410576729,2.241274422110542,1.000001,-1.241273422110542,9.601654472361922,0.0,-9.601654472361922
0.8793969849246231,175.0,2.9863599497487354,0.0,-2.9863599497487354,0.09594684321608313,0.4753177652970734,0.3793709220809903,3.0234497487437135,1.000001,-2.0234487487437134,1.5944070854271835,0.0,-1.5944070854271835
0.8844221105527639,176.0,0.729504266331664,0.0,-0.729504266331664,0.8255074522613044,0.4555128584096953,-0.3699945938516091,1.7766242713567864,1.000001,-0.7766232713567864,13.326154271356769,0.0,-13.326154271356769
0.8894472361809045,177.0,1.239021105527629,0.0,-1.239021105527629,0.6467601959799025,0.43570795152231767,-0.21105224445758486,1.991810653266327,1.000001,-0.991809653266327,12.225779396984962,0.0,-12.225779396984962
0.8944723618090452,178.0,1.9104189447236088,0.0,-1.9104189447236088,0.4433813216080429,0.41590304463493954,-0.027478276973103344,2.3725049748743663,1.000001,-1.3725039748743664,8.60561969849252,0.0,-8.60561969849252
0.8994974874371859,179.0,3.221850603015065,0.0,-3.221850603015065,0.04797673216080734,0.3960981377475612,0.34812140558675386,3.162559346733662,1.000001,-2.162558346733662,0.7646005125628684,0.0,-0.7646005125628684
0.9045226130653267,180.0,0.8057578442211039,0.0,-0.8057578442211039,0.8050758391959805,0.3762932308601829,-0.42878260833579757,1.8174632663316577,1.000001,-0.8174622663316577,13.394991457286435,0.0,-13.394991457286435
0.9095477386934674,181.0,1.2872238190954763,0.0,-1.2872238190954763,0.6436347839195983,0.35648832397280483,-0.28714645994679344,2.023796582914572,1.000001,-1.0237955829145722,12.329066834170858,0.0,-12.329066834170858
0.914572864321608,182.0,2.053786934673339,0.0,-2.053786934673339,0.41973724623116365,0.33668341708542715,-0.0830538291457365,2.4655069849246063,1.000001,-1.4655059849246064,8.038689698492641,0.0,-8.038689698492641
0.9195979899497487,183.0,3.4484059296482137,0.0,-3.4484059296482137,0.004748253266340367,0.316878510198049,0.31213025693170865,3.292795879396969,1.000001,-2.2927948793969692,0.0743860100503877,0.0,-0.0743860100503877
0.9246231155778895,184.0,0.8515292864321538,0.0,-0.8515292864321538,0.7971682713567864,0.29707360331067095,-0.5000946680461154,1.8449664321608015,1.000001,-0.8449654321608016,13.561800000000007,0.0,-13.561800000000007
0.9296482412060302,185.0,1.3222650251256287,0.0,-1.3222650251256287,0.6452283065326632,0.2772686964232928,-0.36795961010937034,2.0500106030150755,1.000001,-1.0500096030150756,12.463151758793968,0.0,-12.463151758793968
0.9346733668341709,186.0,2.1695296482412045,0.0,-2.1695296482412045,0.4057293618090456,0.25746378953591464,-0.14826557227313097,2.5409425628140694,1.000001,-1.5409415628140695,7.670964874371868,0.0,-7.670964874371868
0.9396984924623115,187.0,1.052127366835613,0.0,-1.052127366835613,0.7839631658286946,0.2376588826485368,-0.5463042831801579,2.0402672361816605,1.000001,-1.0402662361816606,11.228329648234745,0.0,-11.228329648234745
0.9447236180904522,188.0,0.8774552814070256,0.0,-0.8774552814070256,0.7968412512562847,0.21785397576115867,-0.578987275495126,1.863509346733665,1.000001,-0.863508346733665,13.797404522613068,0.0,-13.797404522613068
0.949748743718593,189.0,1.3451944221105498,0.0,-1.3451944221105498,0.6508057738693476,0.19804906887378057,-0.45275670499556697,2.07007201005025,1.000001,-1.0700710100502502,12.647609547738707,0.0,-12.647609547738707
0.9547738693467337,190.0,2.236811206030137,0.0,-2.236811206030137,0.40630019597990324,0.17824416198640247,-0.22805603399350077,2.586483065326625,1.000001,-1.586482065326625,7.62095788944732,0.0,-7.62095788944732
0.9597989949748744,191.0,0.8073550854273732,0.0,-0.8073550854273732,0.8683580402009327,0.15843925509902437,-0.7099187851019083,1.9214658291458526,1.000001,-0.9214648291458527,12.713735175878336,0.0,-12.713735175878336
0.964824120603015,192.0,0.9060685728643159,0.0,-0.9060685728643159,0.7995776381909566,0.1386343482116467,-0.66094328997931,1.8869586934673346,1.000001,-0.8869576934673347,14.13266180904523,0.0,-14.13266180904523
0.9698492462311558,193.0,1.3716528140703468,0.0,-1.3716528140703468,0.6606672613065341,0.11882944132426859,-0.5418378199822655,2.094980954773867,1.000001,-1.0949799547738672,12.943128140703534,0.0,-12.943128140703534
0.9748743718592965,194.0,2.3370125125628056,0.0,-2.3370125125628056,0.4069914773869369,0.09902453443689022,-0.3079669429500467,2.6533854271356736,1.000001,-1.6533844271356737,7.533120804020152,0.0,-7.533120804020152
0.9798994974874372,195.0,0.5470402010061336,0.0,-0.5470402010061336,0.951848291456962,0.07921962754951196,-0.8726286639074501,1.787757889447815,1.000001,-0.7877568894478151,13.995913567834426,0.0,-13.995913567834426
0.9849246231155779,196.0,0.9093285477386945,0.0,-0.9093285477386945,0.8009540804020098,0.05941472066213386,-0.741539359739876,1.8907647738693472,1.000001,-0.8907637738693472,14.200575376884421,0.0,-14.200575376884421
0.9899497487437187,197.0,1.3754830653266314,0.0,-1.3754830653266314,0.6630571105527643,0.03960981377475576,-0.6234472967780085,2.099236582914572,1.000001,-1.0992355829145721,13.006946733668347,0.0,-13.006946733668347
0.9949748743718593,198.0,2.349174271356755,0.0,-2.349174271356755,0.4093318492462387,0.0198049068873781,-0.38952694235886065,2.661984874371842,1.000001,-1.661983874371842,7.564053768844394,0.0,-7.564053768844394
1.0,199.0,3.8308,0.0,-3.8308,0.0,0.0,0.0,3.5,1.000001,-2.499999,0.0,0.0,0.0
